{
 "153 forest ave, santa cruz, ca 95062": [
  36.978416,
  -122.000192,
  false
 ],
 "135b may ave, santa cruz, ca 95062-2302": [
  36.975737,
  -122.018361,
  false
 ],
 "326 california st, santa cruz, ca 95060-4216": [
  36.997549,
  -122.03717,
  false
 ],
 "133 marnell avenue - front house, santa cruz, ca 95062": [
  36.982073,
  -122.002811,
  false
 ],
 "133 marnell avenue - back house adu, santa cruz, ca 95062": [
  36.982073,
  -122.002811,
  false
 ],
 "324 california st, santa cruz, ca 95060-4216": [
  36.997549,
  -122.03717,
  false
 ],
 "329 dufour street - primary, santa cruz, ca 95060": [
  36.961581,
  -122.037403,
  false
 ],
 "322 trescony street - unit a, santa cruz, ca 95060": [
  36.967437,
  -122.039824,
  false
 ],
 "133 torrey pine terr. santa cruz, ca 95060": [
  36.972297,
  -122.050391,
  false
 ],
 "101 soquel ave. #416 santa cruz, ca 95060": [
  36.973105,
  -122.025696,
  false
 ],
 "101 soquel ave. #404 santa cruz, ca 95060": [
  36.973105,
  -122.025696,
  false
 ],
 "101 soquel ave. #420 santa cruz, ca 95060": [
  36.973105,
  -122.025696,
  false
 ],
 "180 dakota ave. #26 santa cruz ca 95060": [
  36.976354,
  -122.02049,
  false
 ],
 "101 soquel ave. #406 santa cruz, ca 95060": [
  36.973105,
  -122.025696,
  false
 ],
 "157 franklin st. #15 santa cruz ca 95060": [
  36.983394,
  -122.024181,
  false
 ],
 "157 franklin st. #43 santa cruz ca 95060": [
  36.983394,
  -122.024181,
  false
 ],
 "2236 capitola rd. #c santa cruz ca 95062": [
  36.97547,
  -121.980011,
  false
 ],
 "121 grant st. #8 santa cruz ca 95060": [
  36.985789,
  -122.022564,
  false
 ],
 "251 high street - unit d, santa cruz, ca 95060": [
  36.977928,
  -122.032754,
  false
 ],
 "137 clay st apt 1, santa cruz, ca 95060": [
  36.971904,
  -122.019403,
  false
 ],
 "234 felix st. #7 santa cruz ca 95060": [
  36.967306,
  -122.032203,
  false
 ],
 "157 franklin st. #36 santa cruz ca 95060": [
  36.983394,
  -122.024181,
  false
 ],
 "1411 seabright avenue - a, santa cruz, ca 95062": [
  36.976709,
  -122.009221,
  false
 ],
 "910 soquel avenue, santa cruz, ca 95062": [
  36.977986,
  -122.013683,
  false
 ],
 "168 everson dr. , santa cruz, california, 95060": [
  36.965478,
  -122.028884,
  false
 ],
 "203 jessie street, santa cruz, california, 95060": [
  36.969326,
  -122.015019,
  false
 ],
 "1144 callas lane #2, capitola, ca 95010": [
  36.982838,
  -121.941446,
  false
 ],
 "1925 46th ave. #93, capitola, ca 95010": [
  36.977325,
  -121.959237,
  false
 ],
 "1925 46th avenue #51, capitola, ca 95010": [
  36.977353,
  -121.959031,
  false
 ],
 "850 park avenue #3c, capitola, california, 95010": [
  36.978283,
  -121.94067,
  false
 ],
 "3326 fairway drive, soquel, ca 95073": [
  36.99003,
  -121.946505,
  false
 ],
 "544 cuesta dr, aptos, ca 95003": [
  36.963309,
  -121.876752,
  false
 ],
 "7232 millie ct. #b aptos ca 95003": [
  36.982629,
  -121.917248,
  false
 ],
 "802 via tornasol, aptos, ca 95003": [
  36.95917,
  -121.885732,
  false
 ],
 "72 seacliff dr. , aptos, ca 95003": [
  36.974924,
  -121.90633,
  false
 ],
 "205 aptos beach drive, aptos, ca 95003": [
  36.968947,
  -121.904895,
  false
 ],
 "1057 via tornasol, aptos, ca 95003": [
  36.955054,
  -121.882027,
  false
 ],
 "115.5 marina avenue, aptos, ca 95003": [
  36.96967,
  -121.904807,
  false
 ],
 "228 treasure island drive, aptos, ca 95003": [
  36.971374,
  -121.903359,
  false
 ],
 "2607 willowbrook lane #56, aptos, california, 95003": [
  36.984643,
  -121.933998,
  false
 ],
 "268 bluebonnet ln #311, scotts valley, ca 95066": [
  37.050121,
  -122.027482,
  false
 ],
 "375 clifford avenue #316 , watsonville, ca 95076": [
  36.919842,
  -121.775011,
  false
 ],
 "774 rodriguez st. #9 watsonville ca 95076": [
  36.913594,
  -121.764825,
  false
 ],
 "774 rodriguez st. #11 watsonville ca 95076": [
  36.913594,
  -121.764825,
  false
 ],
 "867 hillcrest dr., felton, ca 95018": [
  37.041627,
  -122.081073,
  false
 ],
 "13127 hazel ave, boulder creek, ca 95006-9245": [
  37.123728,
  -122.127686,
  false
 ],
 "205 apple knoll , boulder creek, ca 95006": [
  37.141523,
  -122.13018,
  false
 ],
 "2712 mission st, santa cruz, ca 95060-5704": [
  36.959889,
  -122.054878,
  false
 ],
 "506 seacliff dr, aptos, ca 95003": [
  36.975572,
  -121.917646,
  false
 ],
 "112 vineyard ct, aptos, ca 95003": [
  36.952121,
  -121.872884,
  false
 ],
 "1155 fanning grade, ben lomond, ca 95005": [
  37.088984,
  -122.114671,
  false
 ],
 "2435 felt street, #107 - villa of santa cruz , santa cruz, ca 95062": [
  36.966206,
  -121.978785,
  false
 ],
 "114-116 maple st. - 116 maple st #1, santa cruz, ca 95060": [
  36.969787,
  -122.029727,
  false
 ],
 "212 everson drive, santa cruz, ca 95060": [
  36.965385,
  -122.029161,
  false
 ],
 "375 clifford avenue, #217, watsonville, ca 95076": [
  36.919842,
  -121.775011,
  false
 ],
 "105 grant st, santa cruz, 95060": [
  36.985858,
  -122.022701,
  false
 ],
 "218 highland court, santa cruz, 95060": [
  36.980539,
  -122.03829,
  false
 ],
 "1129b laurel st, santa cruz, ca 95060-4271": [
  36.971793,
  -122.041788,
  false
 ],
 "727 frederick street, santa cruz, california, 95062": [
  36.98054,
  -122.004648,
  false
 ],
 "290 pennsylvania dr - 10, watsonville, ca 95076": [
  36.919338,
  -121.771765,
  false
 ],
 "101 soquel ave. #408 santa cruz, ca 95060": [
  36.973105,
  -122.025696,
  false
 ],
 "138 peach terrace, santa cruz, ca 95060-3251": [
  36.973978,
  -122.051758,
  false
 ],
 "217 broadway #a santa cruz, ca 95060": [
  36.972211,
  -122.021132,
  false
 ],
 "210 elm street - b santa cruz, ca 95060": [
  36.97084,
  -122.026914,
  false
 ],
 "1485 47th avenue , capitola, ca 95010": [
  36.971851,
  -121.95834,
  false
 ],
 "217 sunset terrace, scotts valley, ca 95066": [
  37.061236,
  -121.996046,
  false
 ]
}